﻿{"cameraMode":{"drawMode":0,"name":"Shaded","section":"Shading Mode"},"sceneLighting":true,"audioPlay":false,"sceneViewState":{"showFog":true,"showMaterialUpdate":true,"showSkybox":true,"showFlares":true,"showImageEffects":true,"showParticleSystems":true},"in2DMode":false,"pivot":{"x":0.8459118604660034,"y":2.3574395179748537,"z":1.4325783252716065},"rotation":{"x":-0.0012261037481948734,"y":0.7306633591651917,"z":-0.6827355623245239,"w":-0.0013129250146448613},"size":7.106544017791748,"orthographic":false}