﻿{"cameraMode":{"drawMode":0,"name":"Shaded","section":"Shading Mode"},"sceneLighting":true,"audioPlay":false,"sceneViewState":{"showFog":true,"showMaterialUpdate":true,"showSkybox":true,"showFlares":true,"showImageEffects":true,"showParticleSystems":true},"in2DMode":false,"pivot":{"x":-11.318408966064454,"y":-17.791114807128908,"z":11.538762092590332},"rotation":{"x":0.44959503412246706,"y":-0.22210460901260377,"z":0.116478331387043,"w":0.8573019504547119},"size":40.620296478271487,"orthographic":false}